fid,fecha,hora,dia,mes,prioridad,estatus,localidad,colonia,genero,coordx,coordy
19,31/01/2022,23:42:00,31,1,ALTA,TERMINO,CHIHUAHUA,RIVERAS DEL SACRAMENTO II,HOMBRE,386714,3183815
53,31/01/2022,23:21:00,31,1,ALTA,TERMINO,CHIHUAHUA,DIVISION DEL NORTE,MUJER,399100,3165154
67,31/01/2022,23:10:00,31,1,ALTA,TERMINO,CHIHUAHUA,REVOLUCION,HOMBRE,392865,3175635
76,31/01/2022,23:02:00,31,1,ALTA,TERMINO,CHIHUAHUA,AGRICOLA FRANCISCO VILLA,MUJER,386670,3183588
330,31/01/2022,21:00:00,31,1,ALTA,TERMINO,CHIHUAHUA,QUINTAS CAMPESTRE (SORIANA MIRADOR),HOMBRE,392497,3168715
399,31/01/2022,20:28:00,31,1,ALTA,TERMINO,CHIHUAHUA,RENOVACION,HOMBRE,389882,3174346
400,31/01/2022,20:26:00,31,1,ALTA,TERMINO,CHIHUAHUA,SAN JORGE COLONIA,MUJER,397645,3164824
482,31/01/2022,19:49:00,31,1,ALTA,TERMINO,CHIHUAHUA,FACULTAD DE ZOOTECNIA FRACC.,MUJER,392390,3162490
553,31/01/2022,19:23:00,31,1,ALTA,TERMINO,CHIHUAHUA,VILLA JUAREZ,MUJER,401316,3165165
758,31/01/2022,18:12:00,31,1,ALTA,TERMINO,CHIHUAHUA,LEALTAD II,MUJER,397173,3167756
1034,31/01/2022,16:47:00,31,1,ALTA,TERMINO,CHIHUAHUA,SAN JOSE,HOMBRE,391003,3173825
2158,31/01/2022,10:19:00,31,1,ALTA,TERMINO,CHIHUAHUA,ATENAS II,HOMBRE,393223,3178555
2184,31/01/2022,10:10:00,31,1,ALTA,TERMINO,CHIHUAHUA,"QUINTAS CAROLINAS II, III, IV",MUJER,393330,3177929
2303,31/01/2022,09:24:00,31,1,ALTA,TERMINO,CHIHUAHUA,SAN MARTIN (CERRO DE LA CRUZ),MUJER,393952,3165424
2665,31/01/2022,05:41:00,31,1,ALTA,TERMINO,,VISTAS DEL NORTE,MUJER,386656,3185086
2737,31/01/2022,03:38:00,31,1,ALTA,TERMINO,CHIHUAHUA,VISTA HERMOSA SUR,MUJER,398034,3163584
2740,31/01/2022,03:36:00,31,1,ALTA,TERMINO,CHIHUAHUA,LEALTAD,HOMBRE,397740,3169048
2759,31/01/2022,03:12:00,31,1,ALTA,TERMINO,CHIHUAHUA,PASO DEL NORTE,MUJER,395563,3172274
2809,31/01/2022,02:28:00,31,1,ALTA,TERMINO,CHIHUAHUA,LA MINITA,MUJER,398275,3166965
2811,31/01/2022,02:27:00,31,1,ALTA,TERMINO,CHIHUAHUA,LA MINITA,HOMBRE,398268,3167156
2926,31/01/2022,00:47:00,31,1,ALTA,TERMINO,CHIHUAHUA,FRANCISCO VILLA,MUJER,392282,3174692
3138,30/01/2022,22:58:00,30,1,ALTA,TERMINO,CHIHUAHUA,CERRO DE LA CRUZ,HOMBRE,393749,3164900
3229,30/01/2022,22:17:00,30,1,ALTA,TERMINO,CHIHUAHUA,INDUSTRIAL,MUJER,395280,3170049
3317,30/01/2022,21:46:00,30,1,ALTA,TERMINO,CHIHUAHUA,JARDIN LOS ECULALIPTOS,MUJER,400862,3160975
3345,30/01/2022,21:39:00,30,1,ALTA,TERMINO,CHIHUAHUA,LOS LLANOS,MUJER,398534,3161442
3347,30/01/2022,21:38:00,30,1,ALTA,TERMINO,CHIHUAHUA,GENARO VAZQUEZ,MUJER,393505,3163143
3382,30/01/2022,21:24:00,30,1,ALTA,TERMINO,CHIHUAHUA,GENARO VAZQUEZ,MUJER,393447,3163783
3398,30/01/2022,21:19:00,30,1,ALTA,TERMINO,CHIHUAHUA,GRANJAS CERRO GRANDE,MUJER,398726,3163444
3485,30/01/2022,20:52:00,30,1,ALTA,TERMINO,CHIHUAHUA,ALIANZA POPULAR,MUJER,398628,3165531
3702,30/01/2022,19:50:00,30,1,ALTA,TERMINO,CHIHUAHUA,URBI VILLAS DEL PRADO,MUJER,406078,3170041
3882,30/01/2022,18:56:00,30,1,ALTA,TERMINO,CHIHUAHUA,CORDILLERAS,MUJER,387943,3175546
3986,30/01/2022,18:21:00,30,1,ALTA,TERMINO,CHIHUAHUA,VALLE DEL SUR,HOMBRE,401527,3162248
4011,30/01/2022,18:15:00,30,1,ALTA,TERMINO,CHIHUAHUA,CENTRO,HOMBRE,395018,3169183
4255,30/01/2022,16:38:00,30,1,ALTA,TERMINO,CHIHUAHUA,AMPLIACION MISAEL NU�?�EZ,MUJER,399002,3165779
4286,30/01/2022,16:27:00,30,1,ALTA,TERMINO,CHIHUAHUA,GENARO VAZQUEZ,MUJER,393701,3163195
4348,30/01/2022,16:03:00,30,1,ALTA,TERMINO,CHIHUAHUA,ANGEL TRIAS LOS LEONES,HOMBRE,392593,3170508
4380,30/01/2022,15:45:00,30,1,MEDIA,TERMINO,CHIHUAHUA,SAN LAZARO,MUJER,398117,3165110
5044,30/01/2022,11:23:00,30,1,ALTA,TERMINO,CHIHUAHUA,3 DE MAYO,MUJER,399913,3163551
5123,30/01/2022,10:46:00,30,1,ALTA,TERMINO,CHIHUAHUA,RIVERAS DEL BRAVO,MUJER,386474,3183356
5218,30/01/2022,09:57:00,30,1,ALTA,TERMINO,CHIHUAHUA,VILLA JUAREZ,MUJER,401392,3164974
5226,30/01/2022,09:56:00,30,1,ALTA,TERMINO,CHIHUAHUA,INTEGRACION DE LA SOCIEDAD,MUJER,398965,3164056
5239,30/01/2022,09:49:00,30,1,ALTA,TERMINO,CHIHUAHUA,MIGUEL SIGALA,MUJER,389066,3178904
5243,30/01/2022,09:48:00,30,1,ALTA,TERMINO,CHIHUAHUA,CENTRO,HOMBRE,394550,3167638
5458,30/01/2022,07:27:00,30,1,ALTA,TERMINO,CHIHUAHUA,RIVERAS DEL SACRAMENTO II,HOMBRE,385929,3184796
5545,30/01/2022,06:09:00,30,1,BAJA,TERMINO,CHIHUAHUA,"QUINTAS CAROLINAS II, III, IV",HOMBRE,393277,3177915
5621,30/01/2022,04:34:00,30,1,ALTA,TERMINO,CHIHUAHUA,JARDINES DE ORIENTE,MUJER,404237,3171700
5637,30/01/2022,04:16:00,30,1,BAJA,TERMINO,,RIVERAS DEL SACRAMENTO II,MUJER,386739,3184540
5651,30/01/2022,04:08:00,30,1,ALTA,TERMINO,CHIHUAHUA,CERRO DE LA CRUZ,HOMBRE,393786,3165173
5675,30/01/2022,03:45:00,30,1,ALTA,TERMINO,,VISTAS DEL NORTE,HOMBRE,386881,3185051
5677,30/01/2022,03:44:00,30,1,ALTA,TERMINO,CHIHUAHUA,FRACCIONAMIENTO NOMBRE DE DIOS,MUJER,393996,3172983
5691,30/01/2022,03:35:00,30,1,ALTA,TERMINO,CHIHUAHUA,LA SOCIEDAD,HOMBRE,399620,3161554
5700,30/01/2022,03:31:00,30,1,ALTA,TERMINO,CHIHUAHUA,DIVISION DEL NORTE,MUJER,399750,3164526
5975,30/01/2022,01:26:00,30,1,ALTA,TERMINO,CHIHUAHUA,DESARROLLO URBANO,HOMBRE,397612,3165677
5997,30/01/2022,01:17:00,30,1,ALTA,TERMINO,CHIHUAHUA,VILLA JUAREZ,HOMBRE,401523,3165153
6042,30/01/2022,00:57:00,30,1,ALTA,TERMINO,CHIHUAHUA,FRANCISCO VILLA,MUJER,391643,3173974
6221,29/01/2022,23:57:00,29,1,ALTA,TERMINO,CHIHUAHUA,RIVERAS DEL BRAVO,MUJER,386392,3183764
6309,29/01/2022,23:29:00,29,1,ALTA,TERMINO,CHIHUAHUA,CERRO DE LA CRUZ,MUJER,393886,3164059
6374,29/01/2022,23:06:00,29,1,ALTA,TERMINO,CHIHUAHUA,URBI VILLAS DEL PRADO,HOMBRE,405841,3170729
6494,29/01/2022,22:16:00,29,1,ALTA,TERMINO,CHIHUAHUA,REVOLUCION,HOMBRE,390665,3175686
6507,29/01/2022,22:11:00,29,1,ALTA,TERMINO,CHIHUAHUA,20 ANIVERSARIO,MUJER,388950,3178544
6544,29/01/2022,21:58:00,29,1,ALTA,TERMINO,CHIHUAHUA,ALFREDO CHAVEZ,MUJER,391636,3164813
6600,29/01/2022,21:41:00,29,1,ALTA,TERMINO,CHIHUAHUA,INSURGENTES II,MUJER,389717,3174763
6747,29/01/2022,20:36:00,29,1,ALTA,TERMINO,COLONIA SOTO,SOTO,HOMBRE,388800,3131064
6793,29/01/2022,20:20:00,29,1,ALTA,TERMINO,CHIHUAHUA,REVOLUCION,MUJER,391548,3175855
7213,29/01/2022,17:03:00,29,1,ALTA,TERMINO,CHIHUAHUA,PASO DEL NORTE,MUJER,395564,3172275
7217,29/01/2022,16:59:00,29,1,ALTA,TERMINO,CHIHUAHUA,GRANJAS,HOMBRE,392170,3170879
7460,29/01/2022,14:30:00,29,1,ALTA,TERMINO,CHIHUAHUA,SAN JOSE,HOMBRE,391119,3173813
7809,29/01/2022,12:10:00,29,1,ALTA,TERMINO,CHIHUAHUA,LA NORIA,MUJER,398484,3162420
7898,29/01/2022,11:23:00,29,1,ALTA,TERMINO,CHIHUAHUA,JARDINES DE ORIENTE,HOMBRE,404075,3171657
8011,29/01/2022,10:32:00,29,1,ALTA,TERMINO,CHIHUAHUA,LA HONDONADA (EL PALMAR),HOMBRE,399576,3162008
8260,29/01/2022,07:12:00,29,1,ALTA,TERMINO,CHIHUAHUA,INSURGENTES II,HOMBRE,389993,3174600
8283,29/01/2022,06:51:00,29,1,ALTA,TERMINO,CHIHUAHUA,INFONAVIT NACIONAL,MUJER,390349,3173299
8532,29/01/2022,01:02:00,29,1,ALTA,TERMINO,CHIHUAHUA,SECRETARIA DE LA MARINA,HOMBRE,398468,3162321
8845,28/01/2022,21:29:00,28,1,ALTA,TERMINO,CHIHUAHUA,INSURGENTES II,HOMBRE,389655,3174521
8979,28/01/2022,20:27:00,28,1,ALTA,TERMINO,CHIHUAHUA,LOS ARROYOS,HOMBRE,387544,3178513
9174,28/01/2022,19:26:00,28,1,ALTA,TERMINO,CHIHUAHUA,VICENTE G�?�ERECA,MUJER,388190,3178691
9219,28/01/2022,19:11:00,28,1,ALTA,TERMINO,CHIHUAHUA,CERRO GRANDE,MUJER,398254,3162776
9235,28/01/2022,19:05:00,28,1,ALTA,TERMINO,CHIHUAHUA,LADRILLERAS,HOMBRE,398180,3161774
9370,28/01/2022,17:56:00,28,1,ALTA,TERMINO,CHIHUAHUA,PRADERAS DEL SUR,MUJER,405459,3170066
9537,28/01/2022,17:04:00,28,1,ALTA,TERMINO,CHIHUAHUA,CENTRO,MUJER,394503,3167824
9869,28/01/2022,14:36:00,28,1,ALTA,TERMINO,CHIHUAHUA,CAMPESINA,HOMBRE,392360,3166029
9878,28/01/2022,14:35:00,28,1,ALTA,TERMINO,CHIHUAHUA,AMPLIACION 2 DE OCTUBRE,MUJER,398041,3168204
10095,28/01/2022,13:08:00,28,1,ALTA,TERMINO,CHIHUAHUA,LOS MEZQUITES,MUJER,389794,3171979
10242,28/01/2022,12:02:00,28,1,ALTA,TERMINO,CHIHUAHUA,TIERRA Y LIBERTAD,HOMBRE,389975,3173594
10355,28/01/2022,11:28:00,28,1,ALTA,TERMINO,CHIHUAHUA,KARIKE,MUJER,391902,3172690
10411,28/01/2022,11:03:00,28,1,ALTA,TERMINO,,NP,MUJER,377650,3200123
10545,28/01/2022,09:50:00,28,1,ALTA,TERMINO,CHIHUAHUA,FRANCISCO VILLA,HOMBRE,392860,3174630
10639,28/01/2022,08:48:00,28,1,BAJA,TERMINO,CHIHUAHUA,LAS MALVINAS,HOMBRE,392302,3163506
10830,28/01/2022,06:18:00,28,1,ALTA,TERMINO,CHIHUAHUA,FRANCISCO VILLA,HOMBRE,392346,3174544
10835,28/01/2022,06:08:00,28,1,ALTA,TERMINO,CHIHUAHUA,PORVENIR I,MUJER,390992,3180101
11118,27/01/2022,23:15:00,27,1,ALTA,TERMINO,CHIHUAHUA,FRANCISCO VILLA,MUJER,392211,3174548
11441,27/01/2022,20:19:00,27,1,ALTA,TERMINO,CHIHUAHUA,PARQUES SAN FELIPE,MUJER,393322,3170077
11536,27/01/2022,19:35:00,27,1,ALTA,TERMINO,CHIHUAHUA,NUEVO TRIUNFO,MUJER,392069,3178852
11550,27/01/2022,19:27:00,27,1,ALTA,TERMINO,CHIHUAHUA,INDUSTRIAL,MUJER,395087,3170692
11592,27/01/2022,19:16:00,27,1,ALTA,TERMINO,CHIHUAHUA,AMPLIACION DIAZ ORDAZ,HOMBRE,395810,3164421
11793,27/01/2022,17:49:00,27,1,ALTA,TERMINO,CHIHUAHUA,C.D.P.,MUJER,392862,3176021
12106,27/01/2022,15:27:00,27,1,ALTA,TERMINO,CHIHUAHUA,NUEVO TRIUNFO,MUJER,392160,3178620
12271,27/01/2022,14:29:00,27,1,ALTA,TERMINO,CHIHUAHUA,MIRADOR,HOMBRE,393157,3168086
12521,27/01/2022,12:41:00,27,1,ALTA,TERMINO,CHIHUAHUA,CHIHUAHUA 2000,HOMBRE,390520,3178192
12778,27/01/2022,10:48:00,27,1,ALTA,TERMINO,CHIHUAHUA,20 ANIVERSARIO,MUJER,388956,3178543
13221,27/01/2022,06:07:00,27,1,ALTA,TERMINO,CHIHUAHUA,CERRO DE LA CRUZ,HOMBRE,394819,3164341
14105,26/01/2022,18:31:00,26,1,ALTA,TERMINO,CHIHUAHUA,DIEGO LUCERO,HOMBRE,390166,3172225
14126,26/01/2022,18:23:00,26,1,ALTA,TERMINO,CHIHUAHUA,DIEGO LUCERO,HOMBRE,390193,3172155
14230,26/01/2022,17:46:00,26,1,ALTA,TERMINO,CHIHUAHUA,RIVERAS DEL BRAVO,MUJER,385975,3183018
14273,26/01/2022,17:29:00,26,1,ALTA,TERMINO,CHIHUAHUA,UNIDAD PROLETARIA,MUJER,397155,3164705
14453,26/01/2022,16:17:00,26,1,ALTA,TERMINO,CHIHUAHUA,EL MARMOL,MUJER,399441,3166893
14478,26/01/2022,16:09:00,26,1,ALTA,TERMINO,CHIHUAHUA,JARDINES DE ORIENTE,HOMBRE,404135,3170951
14494,26/01/2022,16:03:00,26,1,ALTA,TERMINO,CHIHUAHUA,CENTRO,MUJER,394518,3168067
14724,26/01/2022,14:42:00,26,1,ALTA,TERMINO,CHIHUAHUA,BARRIO LONDRES,HOMBRE,396690,3168294
15056,26/01/2022,12:39:00,26,1,ALTA,TERMINO,CHIHUAHUA,DESARROLLO URBANO,MUJER,397554,3166285
15114,26/01/2022,12:11:00,26,1,ALTA,TERMINO,CHIHUAHUA,LAZARO CARDENAS,HOMBRE,399010,3165291
15718,26/01/2022,07:50:00,26,1,ALTA,TERMINO,CHIHUAHUA,SANTA RITA,MUJER,395049,3167109
16207,25/01/2022,21:51:00,25,1,ALTA,TERMINO,CHIHUAHUA,ROMANZZA FRACC.,MUJER,398858,3173399
16220,25/01/2022,21:45:00,25,1,ALTA,TERMINO,CHIHUAHUA,PANAMERICANA,MUJER,390924,3170443
16427,25/01/2022,20:11:00,25,1,ALTA,TERMINO,CHIHUAHUA,SANTA ROSA,HOMBRE,396187,3166474
16455,25/01/2022,19:53:00,25,1,ALTA,TERMINO,CHIHUAHUA,CHIHUAHUA 2000-94,MUJER,390786,3178442
16757,25/01/2022,18:00:00,25,1,ALTA,TERMINO,CHIHUAHUA,PASEOS DEL CAMINO REAL,MUJER,403236,3172162
16841,25/01/2022,17:25:00,25,1,ALTA,TERMINO,CHIHUAHUA,DESARROLLO URBANO,MUJER,397649,3165912
16873,25/01/2022,17:13:00,25,1,ALTA,TERMINO,CHIHUAHUA,DESARROLLO URBANO,MUJER,397562,3166280
17532,25/01/2022,13:12:00,25,1,ALTA,TERMINO,CHIHUAHUA,PASEOS DEL CAMINO REAL,HOMBRE,403687,3172068
17772,25/01/2022,11:34:00,25,1,ALTA,TERMINO,CHIHUAHUA,JARDINES DE ORIENTE,MUJER,404582,3171821
17885,25/01/2022,10:59:00,25,1,ALTA,TERMINO,CHIHUAHUA,SANTO NI�?�O,MUJER,394418,3169678
18183,25/01/2022,08:45:00,25,1,ALTA,TERMINO,CHIHUAHUA,VALLE DE LA MADRID,MUJER,394824,3163359
18193,25/01/2022,08:34:00,25,1,ALTA,TERMINO,CHIHUAHUA,LAZARO CARDENAS,HOMBRE,398933,3165389
18313,25/01/2022,06:44:00,25,1,ALTA,TERMINO,CHIHUAHUA,11 DE FEBRERO,HOMBRE,402912,3163504
18795,24/01/2022,21:20:00,24,1,ALTA,TERMINO,CHIHUAHUA,DESARROLLO URBANO,HOMBRE,397867,3166281
19031,24/01/2022,19:34:00,24,1,ALTA,TERMINO,CHIHUAHUA,LOMAS DEL SANTUARIO II,HOMBRE,392735,3167219
19556,24/01/2022,16:09:00,24,1,ALTA,TERMINO,CHIHUAHUA,JUAN GUERECA,HOMBRE,387373,3179450
19815,24/01/2022,14:40:00,24,1,ALTA,TERMINO,CHIHUAHUA,PALESTINA LA CONCORDIA,HOMBRE,399745,3170293
20221,24/01/2022,12:20:00,24,1,ALTA,TERMINO,CHIHUAHUA,REVOLUCION,MUJER,392723,3175570
20644,24/01/2022,09:01:00,24,1,ALTA,TERMINO,CHIHUAHUA,UNIDAD PROLETARIA,HOMBRE,397032,3164969
20943,24/01/2022,02:09:00,24,1,ALTA,TERMINO,CHIHUAHUA,VILLA JUAREZ,HOMBRE,400712,3164162
20980,24/01/2022,01:33:00,24,1,ALTA,TERMINO,CHIHUAHUA,MONTECARLO RESIDENCIAL,MUJER,387867,3180462
21058,24/01/2022,00:33:00,24,1,ALTA,TERMINO,CHIHUAHUA,GRANJAS CERRO GRANDE,HOMBRE,399021,3163130
21067,24/01/2022,00:22:00,24,1,ALTA,TERMINO,CHIHUAHUA,VALLE DE LA MADRID,MUJER,393850,3163834
21543,23/01/2022,20:12:00,23,1,ALTA,TERMINO,,EJIDO SACRAMENTO,HOMBRE,384774,3189697
21646,23/01/2022,19:32:00,23,1,ALTA,TERMINO,CHIHUAHUA,CHIHUAHUA 2000-94,HOMBRE,390661,3178725
21722,23/01/2022,19:04:00,23,1,ALTA,TERMINO,CHIHUAHUA,PASEOS DEL CAMINO REAL,MUJER,403703,3172067
21756,23/01/2022,18:50:00,23,1,ALTA,TERMINO,CHIHUAHUA,CHIHUAHUA 2000-2,MUJER,390665,3178640
21984,23/01/2022,17:21:00,23,1,ALTA,TERMINO,CHIHUAHUA,LOS PINOS,MUJER,392509,3164068
22321,23/01/2022,14:52:00,23,1,ALTA,TERMINO,CHIHUAHUA,REVOLUCION,HOMBRE,391270,3175498
22472,23/01/2022,13:51:00,23,1,ALTA,TERMINO,CHIHUAHUA,VILLA JUAREZ,HOMBRE,400113,3165560
22823,23/01/2022,11:27:00,23,1,ALTA,TERMINO,CHIHUAHUA,SAN JUAN BAUTISTA,HOMBRE,395378,3172001
23386,23/01/2022,03:39:00,23,1,ALTA,TERMINO,CHIHUAHUA,SAN JORGE COLONIA,MUJER,397262,3164967
23404,23/01/2022,03:26:00,23,1,ALTA,TERMINO,CHIHUAHUA,LUIS FUENTES MARES,HOMBRE,388465,3179490
23512,23/01/2022,02:21:00,23,1,ALTA,TERMINO,CHIHUAHUA,PLAZA SUR,MUJER,399220,3166419
23674,23/01/2022,00:48:00,23,1,ALTA,TERMINO,CHIHUAHUA,VILLAS DEL REAL II,MUJER,390221,3179541
23745,23/01/2022,00:22:00,23,1,ALTA,TERMINO,CHIHUAHUA,LOS PORTALES,MUJER,388628,3179381
23798,23/01/2022,00:01:00,23,1,ALTA,TERMINO,CHIHUAHUA,VILLA JUAREZ,MUJER,401135,3164164
23898,22/01/2022,23:04:00,22,1,ALTA,TERMINO,CHIHUAHUA,REAL DE MINAS,HOMBRE,392093,3179357
23924,22/01/2022,22:58:00,22,1,ALTA,TERMINO,CHIHUAHUA,REVOLUCION,HOMBRE,391861,3175081
23944,22/01/2022,22:44:00,22,1,ALTA,TERMINO,CHIHUAHUA,CERRO DE LA CRUZ,HOMBRE,393896,3164057
24072,22/01/2022,21:42:00,22,1,ALTA,TERMINO,CHIHUAHUA,C.T.M. (ORTIZ),MUJER,392845,3173632
24177,22/01/2022,20:53:00,22,1,ALTA,TERMINO,CHIHUAHUA,MEXICO,HOMBRE,391356,3180480
24254,22/01/2022,20:19:00,22,1,ALTA,TERMINO,CHIHUAHUA,NUEVO TRIUNFO,HOMBRE,392416,3177387
24516,22/01/2022,18:46:00,22,1,ALTA,TERMINO,CHIHUAHUA,CERRO GRANDE,HOMBRE,396609,3165661
24539,22/01/2022,18:36:00,22,1,ALTA,TERMINO,CHIHUAHUA,SAN LAZARO,MUJER,397915,3164975
24626,22/01/2022,18:05:00,22,1,ALTA,TERMINO,CHIHUAHUA,REVOLUCION,MUJER,392607,3175861
24673,22/01/2022,17:55:00,22,1,ALTA,TERMINO,CHIHUAHUA,C.D.P.,HOMBRE,393176,3175854
24749,22/01/2022,17:26:00,22,1,ALTA,TERMINO,CHIHUAHUA,DIVISION DEL NORTE II,MUJER,399418,3164643
24784,22/01/2022,17:10:00,22,1,ALTA,TERMINO,CHIHUAHUA,INFONAVIT NACIONAL,MUJER,390978,3172721
25165,22/01/2022,14:55:00,22,1,ALTA,TERMINO,CHIHUAHUA,JARDINES DEL SOL,MUJER,389968,3181382
25167,22/01/2022,14:55:00,22,1,ALTA,TERMINO,CHIHUAHUA,JOSEFA ORTIZ DE DOMINGUEZ,MUJER,395802,3170597
25249,22/01/2022,14:12:00,22,1,ALTA,TERMINO,CHIHUAHUA,LAS LOMAS,HOMBRE,388575,3174115
25284,22/01/2022,13:58:00,22,1,ALTA,TERMINO,CHIHUAHUA,PABLO AMAYA SUR,MUJER,396821,3166572
25286,22/01/2022,13:57:00,22,1,ALTA,TERMINO,CHIHUAHUA,C.D.P.,HOMBRE,393627,3175470
25312,22/01/2022,13:45:00,22,1,ALTA,TERMINO,CHIHUAHUA,UNIDAD PROLETARIA,MUJER,397041,3164820
25406,22/01/2022,13:05:00,22,1,ALTA,TERMINO,COLONIA SACRAMENTO,BATALLA DE SACRAMENTO,MUJER,382873,3192438
25441,22/01/2022,12:51:00,22,1,ALTA,TERMINO,CHIHUAHUA,VILLA JUAREZ,MUJER,400216,3165238
25831,22/01/2022,09:47:00,22,1,ALTA,TERMINO,CHIHUAHUA,CUAUHTEMOC,MUJER,394397,3167519
25885,22/01/2022,09:15:00,22,1,ALTA,TERMINO,CHIHUAHUA,DIEGO LUCERO,HOMBRE,390594,3172282
25917,22/01/2022,08:54:00,22,1,ALTA,TERMINO,CHIHUAHUA,RIGOBERTO QUIROZ,HOMBRE,400924,3163952
26352,22/01/2022,00:52:00,22,1,ALTA,TERMINO,CHIHUAHUA,OLIMPO II,HOMBRE,393631,3176779
26587,21/01/2022,22:26:00,21,1,ALTA,TERMINO,CHIHUAHUA,GRANJAS EL MIMBRE,MUJER,404552,3161767
26607,21/01/2022,22:13:00,21,1,ALTA,TERMINO,CHIHUAHUA,BATALLA DE SACRAMENTO,MUJER,389914,3181891
26724,21/01/2022,21:21:00,21,1,ALTA,TERMINO,CHIHUAHUA,SAN JUAN BAUTISTA,HOMBRE,395379,3172002
26936,21/01/2022,19:49:00,21,1,ALTA,TERMINO,CHIHUAHUA,QUINTAS CAROLINAS I,HOMBRE,393583,3176468
27023,21/01/2022,19:13:00,21,1,ALTA,TERMINO,CHIHUAHUA,DESARROLLO URBANO,MUJER,398031,3166248
27686,21/01/2022,14:31:00,21,1,ALTA,TERMINO,CHIHUAHUA,PASEOS DEL CAMINO REAL,HOMBRE,403402,3171663
28446,21/01/2022,08:59:00,21,1,ALTA,TERMINO,CHIHUAHUA,DESARROLLO URBANO,HOMBRE,397459,3165504
28466,21/01/2022,08:48:00,21,1,ALTA,TERMINO,CHIHUAHUA,UNIDAD PROLETARIA,MUJER,396716,3164508
28582,21/01/2022,06:30:00,21,1,ALTA,TERMINO,CHIHUAHUA,RIVERAS DEL SACRAMENTO,HOMBRE,386176,3183133
28690,21/01/2022,02:43:00,21,1,ALTA,TERMINO,CHIHUAHUA,20 ANIVERSARIO,MUJER,389355,3178397
28778,21/01/2022,00:02:00,21,1,ALTA,TERMINO,CHIHUAHUA,URBI VILLAS DEL PRADO,MUJER,405222,3169912
29152,20/01/2022,20:11:00,20,1,ALTA,TERMINO,CHIHUAHUA,SAN FERNANDO,HOMBRE,396427,3167891
29321,20/01/2022,18:57:00,20,1,ALTA,TERMINO,CHIHUAHUA,LA NORIA,MUJER,397756,3162060
29660,20/01/2022,16:44:00,20,1,ALTA,TERMINO,CHIHUAHUA,CORREDOR FUENTES MARES,MUJER,397390,3166575
29762,20/01/2022,16:03:00,20,1,ALTA,TERMINO,CHIHUAHUA,CUMBRES DEL SUR I Y II,HOMBRE,398504,3165389
30547,20/01/2022,10:58:00,20,1,ALTA,TERMINO,CHIHUAHUA,NUEVO TRIUNFO,MUJER,391923,3179041
30699,20/01/2022,09:43:00,20,1,ALTA,TERMINO,CHIHUAHUA,SAN FRANCISCO,HOMBRE,389083,3171670
31069,20/01/2022,01:16:00,20,1,ALTA,TERMINO,CHIHUAHUA,VILLA DORADA,HOMBRE,389019,3174667
31462,19/01/2022,20:11:00,19,1,ALTA,TERMINO,CHIHUAHUA,AMPLIACION UNIVERSITARIA,MUJER,393242,3163484
31479,19/01/2022,20:05:00,19,1,ALTA,TERMINO,CHIHUAHUA,LOS OLIVOS,MUJER,388514,3179941
31582,19/01/2022,19:17:00,19,1,ALTA,TERMINO,CHIHUAHUA,LA SOCIEDAD,HOMBRE,399692,3161331
32678,19/01/2022,12:16:00,19,1,ALTA,TERMINO,CHIHUAHUA,INDEPENDENCIA,MUJER,396556,3168995
32842,19/01/2022,11:18:00,19,1,ALTA,TERMINO,CHIHUAHUA,RIVERAS DEL BRAVO,MUJER,385872,3183469
32935,19/01/2022,10:39:00,19,1,ALTA,TERMINO,,VISTAS DEL NORTE,HOMBRE,387373,3185372
33449,19/01/2022,02:29:00,19,1,ALTA,TERMINO,CHIHUAHUA,PASEOS DEL CAMINO REAL,HOMBRE,403455,3172277
33452,19/01/2022,02:26:00,19,1,ALTA,TERMINO,CHIHUAHUA,RIVERAS DEL BRAVO,MUJER,386467,3183453
33563,18/01/2022,23:55:00,18,1,ALTA,TERMINO,CHIHUAHUA,CERRO DE LA CRUZ,HOMBRE,393573,3164846
33596,18/01/2022,23:28:00,18,1,ALTA,TERMINO,CHIHUAHUA,MARMOL I,MUJER,398951,3164862
33755,18/01/2022,22:09:00,18,1,ALTA,TERMINO,CHIHUAHUA,REVOLUCION,HOMBRE,392618,3175288
33767,18/01/2022,21:57:00,18,1,ALTA,TERMINO,CHIHUAHUA,ROMA SUR,MUJER,396572,3169222
33772,18/01/2022,21:55:00,18,1,ALTA,TERMINO,CHIHUAHUA,ROMANZZA FRACC.,MUJER,399091,3173476
33845,18/01/2022,21:17:00,18,1,ALTA,TERMINO,CHIHUAHUA,C.T.M. (ORTIZ),HOMBRE,392970,3174362
33950,18/01/2022,20:28:00,18,1,ALTA,TERMINO,CHIHUAHUA,CAMPESINA,HOMBRE,392697,3166207
34344,18/01/2022,18:05:00,18,1,ALTA,TERMINO,CHIHUAHUA,PORVENIR II,HOMBRE,390671,3180238
34378,18/01/2022,17:50:00,18,1,ALTA,TERMINO,CHIHUAHUA,REVOLUCION,HOMBRE,391378,3175548
34404,18/01/2022,17:36:00,18,1,ALTA,TERMINO,CHIHUAHUA,VALLE DE LA MADRID,MUJER,394005,3163845
34789,18/01/2022,15:03:00,18,1,ALTA,TERMINO,CHIHUAHUA,CERRO DE LA CRUZ,MUJER,393516,3165192
34991,18/01/2022,13:54:00,18,1,ALTA,TERMINO,CHIHUAHUA,VILLA DE DOLORES,HOMBRE,396918,3165774
35045,18/01/2022,13:30:00,18,1,ALTA,TERMINO,CHIHUAHUA,FRANCISCO VILLA,MUJER,391953,3174203
35078,18/01/2022,13:18:00,18,1,ALTA,TERMINO,CHIHUAHUA,RINCON DE LOS OLIVOS,MUJER,388174,3180041
35473,18/01/2022,10:22:00,18,1,ALTA,TERMINO,CHIHUAHUA,FRANCISCO VILLA,HOMBRE,391899,3174016
35623,18/01/2022,09:04:00,18,1,ALTA,TERMINO,CHIHUAHUA,DIEGO LUCERO,HOMBRE,390210,3172111
35686,18/01/2022,08:28:00,18,1,ALTA,TERMINO,CHIHUAHUA,VISTAS CERRO GRANDE,MUJER,398870,3161929
35757,18/01/2022,07:48:00,18,1,ALTA,TERMINO,CHIHUAHUA,JUAN GUERECA,HOMBRE,387371,3179458
35771,18/01/2022,07:42:00,18,1,ALTA,TERMINO,CHIHUAHUA,JUAN GUERECA,MUJER,387827,3179535
36114,17/01/2022,23:45:00,17,1,ALTA,TERMINO,CHIHUAHUA,VILLAS DEL REAL III,MUJER,389906,3180104
36397,17/01/2022,20:41:00,17,1,ALTA,TERMINO,CHIHUAHUA,SANTA RITA,HOMBRE,394794,3166703
36448,17/01/2022,20:16:00,17,1,ALTA,TERMINO,CHIHUAHUA,VALLE DE CHIHUAHUA,MUJER,401966,3176034
36515,17/01/2022,19:42:00,17,1,ALTA,TERMINO,CHIHUAHUA,ROSARIO,MUJER,395094,3165034
36760,17/01/2022,18:02:00,17,1,MEDIA,TERMINO,CHIHUAHUA,ROMA SUR,HOMBRE,396657,3169313
37124,17/01/2022,15:31:00,17,1,ALTA,TERMINO,CHIHUAHUA,PASEOS DEL CAMINO REAL,HOMBRE,404187,3171942
37318,17/01/2022,14:10:00,17,1,ALTA,TERMINO,CHIHUAHUA,PORVENIR II,HOMBRE,390812,3180680
37794,17/01/2022,10:55:00,17,1,ALTA,TERMINO,CHIHUAHUA,SAN RAFAEL,MUJER,397104,3167439
38344,17/01/2022,02:25:00,17,1,ALTA,TERMINO,CHIHUAHUA,LOS MEZQUITES,MUJER,389821,3172140
38383,17/01/2022,01:48:00,17,1,ALTA,TERMINO,CHIHUAHUA,MARGARITA MAZA DE JUAREZ,HOMBRE,392873,3164418
38504,17/01/2022,00:01:00,17,1,ALTA,TERMINO,CHIHUAHUA,LA JUNTA,MUJER,395731,3170181
38574,16/01/2022,23:17:00,16,1,ALTA,TERMINO,,VISTAS DEL NORTE,MUJER,387556,3184914
38635,16/01/2022,22:49:00,16,1,ALTA,TERMINO,,VISTAS DEL NORTE,MUJER,387646,3184545
38636,16/01/2022,22:48:00,16,1,ALTA,TERMINO,CHIHUAHUA,RIVERAS DEL SACRAMENTO,MUJER,386237,3184373
38671,16/01/2022,22:23:00,16,1,ALTA,TERMINO,CHIHUAHUA,ROMA SUR,MUJER,396532,3169178
38774,16/01/2022,21:09:00,16,1,ALTA,TERMINO,CHIHUAHUA,INFONAVIT NACIONAL,MUJER,390409,3172647
38903,16/01/2022,20:24:00,16,1,ALTA,TERMINO,,VISTAS DEL NORTE,MUJER,386906,3184964
39222,16/01/2022,17:54:00,16,1,ALTA,TERMINO,CHIHUAHUA,DIVISION DEL NORTE II,MUJER,399832,3164884
39823,16/01/2022,13:47:00,16,1,ALTA,TERMINO,,VISTAS DEL NORTE,MUJER,387351,3185145
40145,16/01/2022,11:28:00,16,1,ALTA,TERMINO,CHIHUAHUA,INSURGENTES I,MUJER,389762,3174488
40147,16/01/2022,11:26:00,16,1,ALTA,TERMINO,CHIHUAHUA,11 DE FEBRERO,HOMBRE,402562,3163732
40282,16/01/2022,10:36:00,16,1,ALTA,TERMINO,CHIHUAHUA,DIVISION DEL NORTE III,HOMBRE,399725,3164016
40362,16/01/2022,09:57:00,16,1,ALTA,TERMINO,CHIHUAHUA,CERRO PRIETO,MUJER,395947,3171096
40506,16/01/2022,08:26:00,16,1,ALTA,TERMINO,CHIHUAHUA,FRANCISCO VILLA,HOMBRE,392228,3174834
40742,16/01/2022,04:28:00,16,1,ALTA,TERMINO,CHIHUAHUA,FRANCISCO R. ALMADA,MUJER,395579,3164028
40822,16/01/2022,02:55:00,16,1,ALTA,TERMINO,CHIHUAHUA,INFONAVIT NACIONAL,HOMBRE,390669,3172443
40840,16/01/2022,02:41:00,16,1,ALTA,TERMINO,CHIHUAHUA,URBI VILLAS DEL PRADO,MUJER,405856,3170065
40888,16/01/2022,01:55:00,16,1,ALTA,TERMINO,CHIHUAHUA,PASEOS DEL CAMINO REAL,MUJER,403800,3172252
40941,16/01/2022,01:24:00,16,1,ALTA,TERMINO,CHIHUAHUA,PRADERAS,MUJER,401297,3161824
40982,16/01/2022,00:52:00,16,1,ALTA,TERMINO,CHIHUAHUA,MARTIN LOPEZ,HOMBRE,391636,3164695
41002,16/01/2022,00:36:00,16,1,ALTA,TERMINO,CHIHUAHUA,ROMANZZA FRACC.,HOMBRE,399241,3173451
41005,16/01/2022,00:33:00,16,1,ALTA,TERMINO,CHIHUAHUA,POPULAR,HOMBRE,396896,3170129
41025,16/01/2022,00:19:00,16,1,ALTA,TERMINO,CHIHUAHUA,LEALTAD I,HOMBRE,395333,3165377
41056,16/01/2022,00:03:00,16,1,ALTA,TERMINO,CHIHUAHUA,ANTORCHA POPULAR,MUJER,391350,3179575
41085,15/01/2022,23:49:00,15,1,MEDIA,TERMINO,CHIHUAHUA,INFONAVIT NACIONAL,HOMBRE,391126,3172724
41174,15/01/2022,23:06:00,15,1,ALTA,TERMINO,CHIHUAHUA,VISTA HERMOSA SUR,HOMBRE,398372,3163581
41184,15/01/2022,23:03:00,15,1,ALTA,TERMINO,CHIHUAHUA,FRANCISCO VILLA,HOMBRE,392211,3174547
41207,15/01/2022,22:54:00,15,1,ALTA,TERMINO,CHIHUAHUA,LOS MEZQUITES,HOMBRE,389611,3172315
41315,15/01/2022,21:51:00,15,1,ALTA,TERMINO,CHIHUAHUA,RIVERAS DEL BRAVO,HOMBRE,386299,3183147
41318,15/01/2022,21:50:00,15,1,ALTA,TERMINO,CHIHUAHUA,CHIHUAHUA 2000,HOMBRE,389800,3177840
41325,15/01/2022,21:46:00,15,1,ALTA,TERMINO,CHIHUAHUA,"QUINTAS CAROLINAS II, III, IV",MUJER,393732,3176516
41496,15/01/2022,20:12:00,15,1,ALTA,TERMINO,CHIHUAHUA,RODOLFO FIERRO,MUJER,389767,3178644
41522,15/01/2022,19:54:00,15,1,ALTA,TERMINO,CHIHUAHUA,ALAMEDAS V,MUJER,391072,3178247
41586,15/01/2022,19:22:00,15,1,ALTA,TERMINO,CHIHUAHUA,CLARA CORDOVA,MUJER,398661,3163863
41611,15/01/2022,19:16:00,15,1,ALTA,TERMINO,CHIHUAHUA,GRANJAS CERRO GRANDE,MUJER,400212,3162513
41620,15/01/2022,19:12:00,15,1,ALTA,TERMINO,CHIHUAHUA,NUEVO CHIHUAHUA I,MUJER,388392,3174546
42281,15/01/2022,14:37:00,15,1,ALTA,TERMINO,CHIHUAHUA,ASAMBLEA POR UNA VIDA DIGNA,MUJER,389667,3179105
42634,15/01/2022,12:26:00,15,1,ALTA,TERMINO,CHIHUAHUA,DUMAS NORTE I Y II,MUJER,390707,3179612
43346,15/01/2022,04:20:00,15,1,ALTA,TERMINO,CHIHUAHUA,FRANCISCO I. MADERO FRACCIONAMIENTO,MUJER,393355,3172043
43751,14/01/2022,22:56:00,14,1,ALTA,TERMINO,CHIHUAHUA,SAN PABLO,HOMBRE,391348,3171021
43889,14/01/2022,21:39:00,14,1,ALTA,TERMINO,CHIHUAHUA,LADRILLERAS,HOMBRE,398663,3162305
44027,14/01/2022,20:42:00,14,1,ALTA,TERMINO,CHIHUAHUA,ALAMEDAS V,MUJER,391145,3178079
44431,14/01/2022,18:16:00,14,1,ALTA,TERMINO,CHIHUAHUA,MARIA ELENA HERNANDEZ,HOMBRE,388885,3178907
44483,14/01/2022,18:04:00,14,1,ALTA,TERMINO,CHIHUAHUA,FRANCISCO VILLA,MUJER,392587,3174644
44692,14/01/2022,16:47:00,14,1,ALTA,TERMINO,CHIHUAHUA,MARTIN LOPEZ,MUJER,391589,3164732
44953,14/01/2022,15:14:00,14,1,ALTA,TERMINO,CHIHUAHUA,SAHUAROS II,MUJER,390087,3180369
45235,14/01/2022,13:30:00,14,1,ALTA,TERMINO,CHIHUAHUA,NOMBRE DE DIOS,HOMBRE,393871,3174710
45780,14/01/2022,10:45:00,14,1,ALTA,TERMINO,CHIHUAHUA,JUNTA DE LOS RIOS,MUJER,395333,3171292
45899,14/01/2022,10:08:00,14,1,ALTA,TERMINO,CHIHUAHUA,PASEOS DE CHIHUAHUA I,HOMBRE,388369,3177221
45953,14/01/2022,09:44:00,14,1,ALTA,TERMINO,CHIHUAHUA,CENTRO,HOMBRE,395564,3169470
46196,14/01/2022,07:05:00,14,1,ALTA,TERMINO,CHIHUAHUA,CHIHUAHUA 2000-94,HOMBRE,390782,3178271
46208,14/01/2022,06:36:00,14,1,ALTA,TERMINO,CHIHUAHUA,SECRETARIA DE LA MARINA,HOMBRE,398149,3162682
46485,13/01/2022,23:43:00,13,1,ALTA,TERMINO,CHIHUAHUA,LEALTAD II,MUJER,397810,3167418
46600,13/01/2022,22:17:00,13,1,ALTA,TERMINO,CHIHUAHUA,VILLAS DE NUEVA ESPA�?�A,MUJER,399136,3165989
47133,13/01/2022,18:29:00,13,1,ALTA,TERMINO,CHIHUAHUA,LAS CRUCES,MUJER,399283,3161647
47367,13/01/2022,17:11:00,13,1,ALTA,TERMINO,CHIHUAHUA,FRANCISCO VILLA,HOMBRE,392191,3174601
47835,13/01/2022,13:58:00,13,1,ALTA,TERMINO,CHIHUAHUA,CERRO DE LA CRUZ,HOMBRE,393095,3165110
47847,13/01/2022,13:54:00,13,1,ALTA,TERMINO,CHIHUAHUA,FRANCISCO VILLA,MUJER,392187,3174602
48303,13/01/2022,11:11:00,13,1,ALTA,TERMINO,CHIHUAHUA,RIVERAS DEL SACRAMENTO,MUJER,385839,3183944
48328,13/01/2022,10:59:00,13,1,ALTA,TERMINO,CHIHUAHUA,LOS NARANJOS,MUJER,401424,3170951
48657,13/01/2022,07:54:00,13,1,ALTA,TERMINO,CHIHUAHUA,PASEOS DEL CAMINO REAL,HOMBRE,403702,3172075
48681,13/01/2022,07:33:00,13,1,ALTA,TERMINO,CHIHUAHUA,CERRO DE LA CRUZ,MUJER,393786,3165169
48817,13/01/2022,03:01:00,13,1,ALTA,TERMINO,CHIHUAHUA,LEALTAD II,MUJER,397851,3167392
48978,12/01/2022,23:13:00,12,1,ALTA,TERMINO,CHIHUAHUA,20 ANIVERSARIO,MUJER,389032,3178323
49342,12/01/2022,18:49:00,12,1,ALTA,TERMINO,CHIHUAHUA,TRASIA II,MUJER,389272,3164135
49363,12/01/2022,18:42:00,12,1,ALTA,TERMINO,CHIHUAHUA,ROMA V,MUJER,391983,3172786
49394,12/01/2022,18:31:00,12,1,ALTA,TERMINO,CHIHUAHUA,JARDINES DE ORIENTE,HOMBRE,404311,3171832
49410,12/01/2022,18:26:00,12,1,ALTA,TERMINO,CHIHUAHUA,DIVISION DEL NORTE III,MUJER,399114,3164656
49432,12/01/2022,18:13:00,12,1,ALTA,TERMINO,CHIHUAHUA,JUAN GUERECA,HOMBRE,387898,3179557
49648,12/01/2022,16:49:00,12,1,ALTA,TERMINO,CHIHUAHUA,ALIANZA POPULAR,MUJER,398569,3165452
49661,12/01/2022,16:44:00,12,1,ALTA,TERMINO,CHIHUAHUA,TARAHUMARA,MUJER,391549,3179118
49792,12/01/2022,15:55:00,12,1,ALTA,TERMINO,CHIHUAHUA,MARMOL III,HOMBRE,398888,3164425
50026,12/01/2022,14:10:00,12,1,ALTA,TERMINO,CHIHUAHUA,ESPERANZA (SUR),HOMBRE,390742,3163754
50089,12/01/2022,13:48:00,12,1,ALTA,TERMINO,CHIHUAHUA,REVOLUCION,MUJER,391864,3175416
50336,12/01/2022,12:05:00,12,1,ALTA,TERMINO,CHIHUAHUA,PORVENIR II,MUJER,390649,3180491
50394,12/01/2022,11:37:00,12,1,ALTA,TERMINO,CHIHUAHUA,VISTAS CERRO GRANDE,HOMBRE,399399,3161461
50519,12/01/2022,10:39:00,12,1,ALTA,TERMINO,CHIHUAHUA,VILLA JUAREZ,MUJER,401034,3165336
50542,12/01/2022,10:29:00,12,1,ALTA,TERMINO,CHIHUAHUA,SAN JOSE,HOMBRE,391153,3173747
50554,12/01/2022,10:22:00,12,1,ALTA,TERMINO,CHIHUAHUA,CERRO PRIETO,MUJER,395873,3171024
50710,12/01/2022,09:07:00,12,1,ALTA,TERMINO,CHIHUAHUA,2 DE OCTUBRE,HOMBRE,398503,3168611
50763,12/01/2022,08:38:00,12,1,ALTA,TERMINO,CHIHUAHUA,JOSE MARIA PONCE DE LEON,HOMBRE,390954,3178299
50857,12/01/2022,07:38:00,12,1,ALTA,TERMINO,CHIHUAHUA,PAVIS BORUNDA,MUJER,391714,3163519
51206,11/01/2022,22:54:00,11,1,ALTA,TERMINO,CHIHUAHUA,ZONA INDUSTRIAL NOMBRE DE DIOS,HOMBRE,393987,3173862
51252,11/01/2022,22:05:00,11,1,ALTA,TERMINO,CHIHUAHUA,CERRO DE LA CRUZ,HOMBRE,393218,3165172
51421,11/01/2022,20:08:00,11,1,ALTA,TERMINO,CHIHUAHUA,PARQUE DEL ENCINO,MUJER,390731,3163538
51530,11/01/2022,19:17:00,11,1,ALTA,TERMINO,CHIHUAHUA,LA GALERA III,MUJER,402019,3172197
51677,11/01/2022,18:24:00,11,1,ALTA,TERMINO,CHIHUAHUA,ESPERANZA (SUR),MUJER,391059,3163743
52178,11/01/2022,15:25:00,11,1,ALTA,TERMINO,CHIHUAHUA,VILLA JUAREZ,MUJER,400494,3164743
52910,11/01/2022,10:38:00,11,1,ALTA,TERMINO,CHIHUAHUA,FRANCISCO R. ALMADA FRACC.,MUJER,392995,3162987
53263,11/01/2022,06:17:00,11,1,ALTA,TERMINO,CHIHUAHUA,VILLAS DEL REY,HOMBRE,390263,3180689
53466,11/01/2022,00:12:00,11,1,ALTA,TERMINO,CHIHUAHUA,DIVISION DEL NORTE II,HOMBRE,399470,3164649
53587,10/01/2022,22:56:00,10,1,ALTA,TERMINO,CHIHUAHUA,CAMPESINA,HOMBRE,392704,3166223
53679,10/01/2022,21:45:00,10,1,ALTA,TERMINO,CHIHUAHUA,MARGARITA MAZA DE JUAREZ,MUJER,392759,3163385
53688,10/01/2022,21:42:00,10,1,ALTA,TERMINO,CHIHUAHUA,SAHUAROS I,HOMBRE,389661,3180141
53912,10/01/2022,19:45:00,10,1,ALTA,TERMINO,CHIHUAHUA,VISTAS CERRO GRANDE,MUJER,398600,3161856
53922,10/01/2022,19:40:00,10,1,ALTA,TERMINO,CHIHUAHUA,VILLA JUAREZ,MUJER,400526,3165231
53939,10/01/2022,19:34:00,10,1,ALTA,TERMINO,CHIHUAHUA,DIVISION DEL NORTE,MUJER,399115,3164594
54184,10/01/2022,17:30:00,10,1,ALTA,TERMINO,CHIHUAHUA,ROBINSON SECTOR IV,HOMBRE,399162,3170011
54289,10/01/2022,16:39:00,10,1,ALTA,TERMINO,CHIHUAHUA,HIDALGO,HOMBRE,391225,3164277
54738,10/01/2022,12:31:00,10,1,ALTA,TERMINO,CHIHUAHUA,CAMPESINA,HOMBRE,392704,3166222
54752,10/01/2022,12:23:00,10,1,ALTA,TERMINO,CHIHUAHUA,PASEOS DEL CAMINO REAL,HOMBRE,404050,3172452
55125,10/01/2022,08:57:00,10,1,ALTA,TERMINO,CHIHUAHUA,TIERRA Y LIBERTAD,HOMBRE,389906,3173448
55148,10/01/2022,08:49:00,10,1,ALTA,TERMINO,CHIHUAHUA,VISTAS CERRO GRANDE,HOMBRE,398735,3161731
55388,10/01/2022,03:40:00,10,1,ALTA,TERMINO,CHIHUAHUA,FRANCISCO VILLA,MUJER,393108,3174036
55479,10/01/2022,01:30:00,10,1,ALTA,TERMINO,CHIHUAHUA,LAS MALVINAS,MUJER,392768,3163716
55510,10/01/2022,00:57:00,10,1,ALTA,TERMINO,CHIHUAHUA,MAGISTERIAL UNIVERSIDAD,HOMBRE,393610,3170989
55517,10/01/2022,00:52:00,10,1,ALTA,TERMINO,CHIHUAHUA,DIVISION DEL NORTE,HOMBRE,399560,3165601
55574,09/01/2022,23:54:00,9,1,ALTA,TERMINO,CHIHUAHUA,PASEOS DE CHIHUAHUA II,HOMBRE,388390,3177364
55787,09/01/2022,22:04:00,9,1,ALTA,TERMINO,CHIHUAHUA,REVOLUCION,MUJER,392003,3174954
55790,09/01/2022,22:02:00,9,1,ALTA,TERMINO,CHIHUAHUA,PORVENIR II,MUJER,390999,3180080
55816,09/01/2022,21:51:00,9,1,ALTA,TERMINO,CHIHUAHUA,JOYA,HOMBRE,397469,3166926
55817,09/01/2022,21:51:00,9,1,ALTA,TERMINO,CHIHUAHUA,DIEGO LUCERO,MUJER,389600,3172999
55826,09/01/2022,21:45:00,9,1,ALTA,TERMINO,CHIHUAHUA,VILLA JUAREZ,HOMBRE,400744,3165411
56051,09/01/2022,20:05:00,9,1,ALTA,TERMINO,CHIHUAHUA,LEALTAD II,MUJER,397705,3167472
56052,09/01/2022,20:05:00,9,1,ALTA,TERMINO,CHIHUAHUA,SOL DE ORIENTE,HOMBRE,406103,3170294
56074,09/01/2022,19:49:00,9,1,ALTA,TERMINO,CHIHUAHUA,CRUCERO,HOMBRE,403226,3165128
56093,09/01/2022,19:41:00,9,1,ALTA,TERMINO,CHIHUAHUA,SAN JORGE COLONIA,HOMBRE,397862,3165096
56157,09/01/2022,19:18:00,9,1,ALTA,TERMINO,CHIHUAHUA,VISTAS CERRO GRANDE,MUJER,398766,3163375
56192,09/01/2022,19:03:00,9,1,ALTA,TERMINO,CHIHUAHUA,VALLE ESCONDIDO,HOMBRE,398183,3164742
56339,09/01/2022,17:30:00,9,1,ALTA,TERMINO,CHIHUAHUA,PASEOS DEL CAMINO REAL,HOMBRE,403847,3171921
56517,09/01/2022,15:48:00,9,1,ALTA,TERMINO,CHIHUAHUA,SANTO NI�?�O,HOMBRE,394832,3169905
56875,09/01/2022,12:03:00,9,1,ALTA,TERMINO,CHIHUAHUA,PASEOS DE CHIHUAHUA I,HOMBRE,388385,3177247
57325,09/01/2022,05:33:00,9,1,ALTA,TERMINO,CHIHUAHUA,DIEGO LUCERO,HOMBRE,389831,3172371
57354,09/01/2022,04:45:00,9,1,ALTA,TERMINO,CHIHUAHUA,PORVENIR II,MUJER,390675,3180237
57740,08/01/2022,23:39:00,8,1,ALTA,TERMINO,CHIHUAHUA,ROMANZZA FRACC.,MUJER,398705,3173872
57762,08/01/2022,23:26:00,8,1,ALTA,TERMINO,CHIHUAHUA,P.R.I. MUNICIPAL,MUJER,394475,3164290
57793,08/01/2022,23:07:00,8,1,ALTA,TERMINO,CHIHUAHUA,DALE,HOMBRE,395404,3165924
58266,08/01/2022,19:16:00,8,1,ALTA,TERMINO,CHIHUAHUA,MARMOL II,HOMBRE,399134,3164296
58300,08/01/2022,19:06:00,8,1,ALTA,TERMINO,CHIHUAHUA,P.R.I. MUNICIPAL,HOMBRE,394378,3164352
59116,08/01/2022,13:24:00,8,1,ALTA,TERMINO,CHIHUAHUA,PASEOS DEL CAMINO REAL,HOMBRE,403689,3172538
59257,08/01/2022,12:41:00,8,1,ALTA,TERMINO,CHIHUAHUA,PASEO DE LOS LEONES,MUJER,399379,3173728
59316,08/01/2022,12:19:00,8,1,ALTA,TERMINO,CHIHUAHUA,PASEOS DEL CAMINO REAL,HOMBRE,403628,3172053
59812,08/01/2022,07:53:00,8,1,ALTA,TERMINO,CHIHUAHUA,3 DE MAYO,HOMBRE,399532,3164556
60134,08/01/2022,01:00:00,8,1,ALTA,TERMINO,CHIHUAHUA,QUINTA MONTECARLO,MUJER,388252,3181063
60165,08/01/2022,00:30:00,8,1,ALTA,TERMINO,CHIHUAHUA,FRANCISCO VILLA,HOMBRE,391689,3174518
60182,08/01/2022,00:13:00,8,1,ALTA,TERMINO,CHIHUAHUA,ROSARIO,HOMBRE,395198,3165825
60250,07/01/2022,23:20:00,7,1,ALTA,TERMINO,CHIHUAHUA,ALAMEDAS I,HOMBRE,390437,3177630
60480,07/01/2022,20:47:00,7,1,ALTA,TERMINO,CHIHUAHUA,SAN MARTIN (CERRO DE LA CRUZ),MUJER,394171,3165355
60558,07/01/2022,20:19:00,7,1,ALTA,TERMINO,CHIHUAHUA,JARDINES DEL SACRAMENTO,HOMBRE,393943,3175986
61155,07/01/2022,14:56:00,7,1,ALTA,TERMINO,CHIHUAHUA,CERRO DE LA CRUZ,HOMBRE,393849,3164412
61666,07/01/2022,10:58:00,7,1,ALTA,TERMINO,CHIHUAHUA,RIVERAS DEL SACRAMENTO II,MUJER,385746,3184444
61694,07/01/2022,10:41:00,7,1,ALTA,TERMINO,CHIHUAHUA,INSURGENTES II,MUJER,390149,3174582
62236,06/01/2022,23:57:00,6,1,ALTA,TERMINO,CHIHUAHUA,ATENAS I,MUJER,393057,3178529
62240,06/01/2022,23:54:00,6,1,ALTA,TERMINO,CHIHUAHUA,SANTA ELENA COLONIA,HOMBRE,400597,3161791
62243,06/01/2022,23:52:00,6,1,ALTA,TERMINO,CHIHUAHUA,MELCHOR OCAMPO FRACCIONAMIENTO,HOMBRE,399264,3168658
62468,06/01/2022,20:40:00,6,1,ALTA,TERMINO,CHIHUAHUA,AMPLIACION DIAZ ORDAZ,HOMBRE,395731,3164559
62510,06/01/2022,20:14:00,6,1,ALTA,TERMINO,,TARAHUMARA SUR,HOMBRE,398713,3161118
62876,06/01/2022,17:17:00,6,1,ALTA,TERMINO,CHIHUAHUA,FRANCISCO VILLA,HOMBRE,392859,3174631
63071,06/01/2022,16:04:00,6,1,ALTA,TERMINO,CHIHUAHUA,AMPLIACION 2 DE OCTUBRE,MUJER,398465,3168775
63325,06/01/2022,14:24:00,6,1,ALTA,TERMINO,CHIHUAHUA,EL MINERAL II,MUJER,392276,3180026
63546,06/01/2022,12:55:00,6,1,ALTA,TERMINO,CHIHUAHUA,SAN AGUSTIN,MUJER,402163,3162465
63641,06/01/2022,12:00:00,6,1,ALTA,TERMINO,CHIHUAHUA,RIVERAS DEL SACRAMENTO,HOMBRE,385788,3184216
64078,06/01/2022,09:10:00,6,1,ALTA,TERMINO,CHIHUAHUA,JARDINES DE ORIENTE,MUJER,404217,3171151
64090,06/01/2022,08:58:00,6,1,ALTA,TERMINO,CHIHUAHUA,CUAUHTEMOC,MUJER,394137,3167171
64097,06/01/2022,02:57:00,6,1,ALTA,TERMINO,CHIHUAHUA,CUAUHTEMOC,MUJER,394137,3167170
64206,06/01/2022,07:29:00,6,1,ALTA,TERMINO,CHIHUAHUA,VISTAS CERRO GRANDE,HOMBRE,398567,3162848
64332,06/01/2022,03:09:00,6,1,ALTA,TERMINO,CHIHUAHUA,PORVENIR I,HOMBRE,390993,3180100
64446,05/01/2022,23:52:00,5,1,ALTA,TERMINO,JUAN ALDAMA,LOS ALAMOS FRACC.,HOMBRE,404437,3181741
64715,05/01/2022,20:55:00,5,1,ALTA,TERMINO,,VALLE DE LA MADRID,MUJER,393738,3164306
64768,05/01/2022,20:22:00,5,1,ALTA,TERMINO,CHIHUAHUA,LEALTAD II,MUJER,397518,3167744
64960,05/01/2022,18:44:00,5,1,ALTA,TERMINO,CHIHUAHUA,FRANCISCO VILLA,MUJER,392778,3174832
65274,05/01/2022,16:40:00,5,1,ALTA,TERMINO,CHIHUAHUA,LA NORIA,MUJER,398429,3162201
65278,05/01/2022,16:40:00,5,1,ALTA,TERMINO,CHIHUAHUA,DUMAS NORTE I Y II,HOMBRE,390751,3179758
65559,05/01/2022,14:52:00,5,1,ALTA,TERMINO,CHIHUAHUA,VILLA JUAREZ,MUJER,401398,3165091
65999,05/01/2022,12:20:00,5,1,ALTA,TERMINO,CHIHUAHUA,ROBINSON SECTOR III,MUJER,399125,3169094
66128,05/01/2022,11:21:00,5,1,ALTA,TERMINO,CHIHUAHUA,SAN RAFAEL,MUJER,396887,3168163
66402,05/01/2022,09:29:00,5,1,ALTA,TERMINO,CHIHUAHUA,ROBINSON SECTOR III,MUJER,398725,3169173
66560,05/01/2022,08:01:00,5,1,ALTA,TERMINO,CHIHUAHUA,2 DE OCTUBRE,MUJER,398295,3168719
66834,05/01/2022,00:12:00,5,1,ALTA,TERMINO,CHIHUAHUA,PASEO DE LOS LEONES,HOMBRE,398583,3173990
67154,04/01/2022,20:43:00,4,1,ALTA,TERMINO,CHIHUAHUA,CERRO DE LA CRUZ,MUJER,394833,3164628
67166,04/01/2022,20:37:00,4,1,ALTA,TERMINO,CHIHUAHUA,CHIHUAHUA 2000,HOMBRE,390786,3178275
67313,04/01/2022,19:28:00,4,1,ALTA,TERMINO,CHIHUAHUA,CERRO DE LA CRUZ,HOMBRE,393111,3165031
67721,04/01/2022,16:49:00,4,1,ALTA,TERMINO,CHIHUAHUA,LA JUNTA,MUJER,395644,3170250
67737,04/01/2022,16:44:00,4,1,ALTA,TERMINO,CHIHUAHUA,VILLA JUAREZ,MUJER,400918,3165405
68086,04/01/2022,14:30:00,4,1,ALTA,TERMINO,CHIHUAHUA,CAMPESINA,HOMBRE,392704,3166221
68287,04/01/2022,13:09:00,4,1,ALTA,TERMINO,CHIHUAHUA,ROSARIO,HOMBRE,395363,3164997
68301,04/01/2022,13:06:00,4,1,ALTA,TERMINO,CHIHUAHUA,REVOLUCION,MUJER,392228,3175180
68740,04/01/2022,10:00:00,4,1,ALTA,TERMINO,CHIHUAHUA,AMPLIACION 2 DE OCTUBRE,MUJER,398297,3168716
68750,04/01/2022,09:55:00,4,1,ALTA,TERMINO,CHIHUAHUA,3 DE MAYO,HOMBRE,399968,3163785
69071,04/01/2022,05:32:00,4,1,ALTA,TERMINO,CHIHUAHUA,AMPLIACION DIAZ ORDAZ,HOMBRE,395798,3164238
69188,04/01/2022,01:24:00,4,1,ALTA,TERMINO,CHIHUAHUA,CHIHUAHUA 2000-94,HOMBRE,390785,3178352
69264,03/01/2022,23:33:00,3,1,ALTA,TERMINO,CHIHUAHUA,FRANCISCO VILLA,HOMBRE,392700,3175022
69348,03/01/2022,22:29:00,3,1,ALTA,TERMINO,CHIHUAHUA,VISTAS CERRO GRANDE,MUJER,398802,3161464
69448,03/01/2022,21:18:00,3,1,ALTA,TERMINO,CHIHUAHUA,LAS ADELITAS,HOMBRE,398016,3165198
69877,03/01/2022,18:04:00,3,1,ALTA,TERMINO,CHIHUAHUA,AMPLIACION DIAZ ORDAZ,MUJER,395754,3164579
70076,03/01/2022,16:45:00,3,1,ALTA,TERMINO,CHIHUAHUA,LAS AGUILAS,HOMBRE,392355,3168187
70194,03/01/2022,15:55:00,3,1,ALTA,TERMINO,CHIHUAHUA,DIEGO LUCERO,MUJER,389314,3173504
70579,03/01/2022,13:07:00,3,1,ALTA,TERMINO,CHIHUAHUA,RAMON REYES,MUJER,391583,3164141
70766,03/01/2022,11:47:00,3,1,ALTA,TERMINO,CHIHUAHUA,ATENAS,HOMBRE,392982,3178643
70862,03/01/2022,11:17:00,3,1,ALTA,TERMINO,CHIHUAHUA,EL MINERAL,HOMBRE,392500,3179639
71408,03/01/2022,04:23:00,3,1,ALTA,TERMINO,CHIHUAHUA,CERRO DE LA CRUZ,HOMBRE,393760,3165018
71597,03/01/2022,00:24:00,3,1,ALTA,TERMINO,CHIHUAHUA,SOL DE ORIENTE,MUJER,406024,3170362
71638,02/01/2022,23:53:00,2,1,ALTA,TERMINO,CHIHUAHUA,REVOLUCION,HOMBRE,390745,3175324
71829,02/01/2022,21:30:00,2,1,ALTA,TERMINO,CHIHUAHUA,ROMANZZA FRACC.,MUJER,398861,3173398
72224,02/01/2022,18:16:00,2,1,ALTA,TERMINO,CHIHUAHUA,LUIS DONALDO COLOSIO MURRIETA SUR,MUJER,398666,3163858
72291,02/01/2022,17:46:00,2,1,ALTA,TERMINO,CHIHUAHUA,DIVISADERO,MUJER,398117,3162579
72345,02/01/2022,17:21:00,2,1,ALTA,TERMINO,CHIHUAHUA,BARRIO SAN PEDRO,HOMBRE,394374,3167946
72463,02/01/2022,16:18:00,2,1,ALTA,TERMINO,CHIHUAHUA,VILLAS DEL REAL V,HOMBRE,390766,3179290
72804,02/01/2022,13:10:00,2,1,ALTA,TERMINO,CHIHUAHUA,JMAS,HOMBRE,392532,3166889
72841,02/01/2022,12:55:00,2,1,ALTA,TERMINO,CHIHUAHUA,AMPLIACION DIAZ ORDAZ,HOMBRE,395733,3164562
72845,02/01/2022,12:53:00,2,1,ALTA,TERMINO,CHIHUAHUA,DIVISION DEL NORTE III,MUJER,399429,3163980
73002,02/01/2022,11:42:00,2,1,ALTA,TERMINO,,VISTAS DEL NORTE,HOMBRE,387513,3184957
73234,02/01/2022,09:05:00,2,1,ALTA,TERMINO,CHIHUAHUA,RIVERAS DEL SACRAMENTO,MUJER,385716,3183971
73324,02/01/2022,06:51:00,2,1,ALTA,TERMINO,CHIHUAHUA,VILLAS DEL REAL I,HOMBRE,390794,3179264
73378,02/01/2022,04:46:00,2,1,ALTA,TERMINO,CHIHUAHUA,REVOLUCION,MUJER,390785,3175184
73428,02/01/2022,03:10:00,2,1,ALTA,TERMINO,CHIHUAHUA,DEPORTISTAS,MUJER,390185,3174591
73431,02/01/2022,03:05:00,2,1,ALTA,TERMINO,CHIHUAHUA,VILLA JUAREZ,HOMBRE,401400,3165286
73484,02/01/2022,02:15:00,2,1,ALTA,TERMINO,CHIHUAHUA,VILLA VIEJA,HOMBRE,393169,3174468
73491,02/01/2022,02:02:00,2,1,ALTA,TERMINO,CHIHUAHUA,URBI VILLAS DEL PRADO,MUJER,405185,3170198
73706,01/01/2022,23:31:00,1,1,ALTA,TERMINO,CHIHUAHUA,LAS MALVINAS,MUJER,392424,3163421
73721,01/01/2022,23:19:00,1,1,ALTA,TERMINO,CHIHUAHUA,REAL DE MINAS,HOMBRE,392236,3179008
73747,01/01/2022,23:01:00,1,1,ALTA,TERMINO,CHIHUAHUA,NOMBRE DE DIOS,HOMBRE,393667,3174525
73783,01/01/2022,22:36:00,1,1,ALTA,TERMINO,CHIHUAHUA,LUIS DONALDO COLOSIO MURRIETA NORTE,MUJER,390965,3179986
73787,01/01/2022,22:29:00,1,1,ALTA,TERMINO,CHIHUAHUA,SAN JOSE,MUJER,391908,3171872
73798,01/01/2022,22:24:00,1,1,ALTA,TERMINO,CHIHUAHUA,SAN RAFAEL,MUJER,397104,3167444
73842,01/01/2022,21:56:00,1,1,ALTA,TERMINO,CHIHUAHUA,INFONAVIT INSURGENTES,HOMBRE,392078,3172982
73872,01/01/2022,21:43:00,1,1,ALTA,TERMINO,CHIHUAHUA,SAN FELIPE I,HOMBRE,392833,3170425
73876,01/01/2022,21:41:00,1,1,ALTA,TERMINO,CHIHUAHUA,MEXICO 91,HOMBRE,402135,3164251
73896,01/01/2022,21:26:00,1,1,ALTA,TERMINO,CHIHUAHUA,RIVERAS DEL SACRAMENTO,MUJER,385716,3183970
73936,01/01/2022,21:05:00,1,1,ALTA,TERMINO,CHIHUAHUA,VISTAS CERRO GRANDE,HOMBRE,398966,3162571
74009,01/01/2022,20:27:00,1,1,ALTA,TERMINO,CHIHUAHUA,PAVIS BORUNDA,MUJER,391831,3163328
74017,01/01/2022,20:24:00,1,1,ALTA,TERMINO,CHIHUAHUA,JUAN GUERECA,MUJER,388191,3179430
74028,01/01/2022,20:17:00,1,1,ALTA,TERMINO,CHIHUAHUA,DALE,MUJER,395670,3166121
74051,01/01/2022,20:04:00,1,1,ALTA,TERMINO,CHIHUAHUA,20 ANIVERSARIO,MUJER,388676,3178451
74061,01/01/2022,19:58:00,1,1,ALTA,TERMINO,CHIHUAHUA,DEPORTISTAS,MUJER,390127,3174738
74063,01/01/2022,19:57:00,1,1,ALTA,TERMINO,,JARDINES DE ORIENTE,HOMBRE,404867,3171594
74087,01/01/2022,19:45:00,1,1,ALTA,TERMINO,,NP,MUJER,389776,3183813
74120,01/01/2022,19:27:00,1,1,ALTA,TERMINO,CHIHUAHUA,SECTOR INDEPENDENCIA,MUJER,393147,3175014
74172,01/01/2022,19:07:00,1,1,ALTA,TERMINO,,VISTAS DEL NORTE,MUJER,386708,3184528
74526,01/01/2022,16:42:00,1,1,MEDIA,TERMINO,CHIHUAHUA,CERRO DE LA CRUZ,MUJER,393940,3165199
74653,01/01/2022,15:52:00,1,1,ALTA,TERMINO,CHIHUAHUA,PRADERAS DEL SUR,HOMBRE,405611,3170106
74659,01/01/2022,15:46:00,1,1,ALTA,TERMINO,CHIHUAHUA,SAN MARTIN (CERRO DE LA CRUZ),HOMBRE,393948,3165212
74731,01/01/2022,15:21:00,1,1,ALTA,TERMINO,CHIHUAHUA,LAS VENCEDORAS,MUJER,398377,3164410
74745,01/01/2022,15:15:00,1,1,ALTA,TERMINO,CHIHUAHUA,VICENTE G�?�ERECA,MUJER,388550,3178762
74751,01/01/2022,15:08:00,1,1,MEDIA,TERMINO,CHIHUAHUA,11 DE FEBRERO,HOMBRE,402602,3161773
74822,01/01/2022,14:31:00,1,1,ALTA,TERMINO,CHIHUAHUA,2 DE JUNIO,HOMBRE,393704,3175151
74853,01/01/2022,14:15:00,1,1,ALTA,TERMINO,CHIHUAHUA,COLONIA LAS TORRES,HOMBRE,403037,3161832
74857,01/01/2022,14:13:00,1,1,ALTA,TERMINO,CHIHUAHUA,INDUSTRIAL,HOMBRE,395600,3170351
74889,01/01/2022,13:57:00,1,1,ALTA,TERMINO,CHIHUAHUA,RECURSOS HIDRAULICOS,MUJER,389958,3169407
74930,01/01/2022,13:47:00,1,1,ALTA,TERMINO,CHIHUAHUA,RODOLFO FIERRO,HOMBRE,390751,3179054
74943,01/01/2022,13:42:00,1,1,ALTA,TERMINO,CHIHUAHUA,ATENAS,HOMBRE,393004,3178523
74948,01/01/2022,13:38:00,1,1,ALTA,TERMINO,,VISTAS DEL NORTE,HOMBRE,386589,3185204
75171,01/01/2022,12:21:00,1,1,ALTA,TERMINO,CHIHUAHUA,QUINTAS JUAN PABLO,HOMBRE,400896,3170236
75325,01/01/2022,11:10:00,1,1,MEDIA,TERMINO,CHIHUAHUA,DORADOS DE VILLA,MUJER,398180,3164913
75610,01/01/2022,08:35:00,1,1,ALTA,TERMINO,CHIHUAHUA,POZOS DEL VALLE,HOMBRE,389830,3179558
75625,01/01/2022,08:22:00,1,1,ALTA,TERMINO,CHIHUAHUA,ROSARIO,MUJER,395032,3165358
75674,01/01/2022,07:53:00,1,1,ALTA,TERMINO,CHIHUAHUA,MARMOL I,MUJER,398959,3164812
75681,01/01/2022,07:49:00,1,1,ALTA,TERMINO,CHIHUAHUA,VILLA JUAREZ,MUJER,400866,3164981
75682,01/01/2022,07:47:00,1,1,ALTA,TERMINO,CHIHUAHUA,VILLA JUAREZ,MUJER,400682,3165671
75686,01/01/2022,07:45:00,1,1,ALTA,TERMINO,CHIHUAHUA,LEALTAD II,MUJER,397204,3167811
75689,01/01/2022,07:37:00,1,1,ALTA,TERMINO,CHIHUAHUA,LA NORIA,MUJER,397463,3161856
75714,01/01/2022,07:16:00,1,1,ALTA,TERMINO,CHIHUAHUA,LA NORIA,HOMBRE,398483,3162374
75820,01/01/2022,05:39:00,1,1,ALTA,TERMINO,CHIHUAHUA,BUROCRATA FEDERAL,HOMBRE,392831,3164601
75875,01/01/2022,05:04:00,1,1,ALTA,TERMINO,CHIHUAHUA,LEALTAD I,HOMBRE,397202,3167811
75879,01/01/2022,05:02:00,1,1,ALTA,TERMINO,CHIHUAHUA,20 ANIVERSARIO,HOMBRE,389149,3178315
75896,01/01/2022,04:43:00,1,1,ALTA,TERMINO,CHIHUAHUA,EL PALOMAR,HOMBRE,393610,3168321
75904,01/01/2022,04:39:00,1,1,ALTA,TERMINO,CHIHUAHUA,JUAN GUERECA,MUJER,388233,3179540
75970,01/01/2022,03:58:00,1,1,ALTA,TERMINO,CHIHUAHUA,URBI VILLAS DEL PRADO,HOMBRE,405163,3169903
75988,01/01/2022,03:45:00,1,1,ALTA,TERMINO,CHIHUAHUA,NOMBRE DE DIOS,MUJER,393610,3174763
75997,01/01/2022,03:41:00,1,1,ALTA,TERMINO,CHIHUAHUA,VALLE DE LA MADRID,HOMBRE,394869,3164386
76005,01/01/2022,03:35:00,1,1,ALTA,TERMINO,CHIHUAHUA,PALESTINA LA CONCORDIA,MUJER,400491,3171558
76020,01/01/2022,03:27:00,1,1,ALTA,TERMINO,CHIHUAHUA,ESPERANZA (SUR),MUJER,391046,3163403
76039,01/01/2022,03:17:00,1,1,ALTA,TERMINO,CHIHUAHUA,CAMPESINA NUEVA,HOMBRE,392100,3165325
76051,01/01/2022,03:11:00,1,1,ALTA,TERMINO,CHIHUAHUA,EL MINERAL,HOMBRE,392381,3179704
76061,01/01/2022,03:03:00,1,1,ALTA,TERMINO,CHIHUAHUA,RIVERAS DEL SACRAMENTO,HOMBRE,385632,3184197
76185,01/01/2022,02:06:00,1,1,ALTA,TERMINO,CHIHUAHUA,RIVERAS DEL SACRAMENTO,MUJER,385745,3184211
76264,01/01/2022,01:37:00,1,1,ALTA,TERMINO,CHIHUAHUA,REVOLUCION,MUJER,392143,3175838
76285,01/01/2022,01:31:00,1,1,ALTA,TERMINO,,PRIVADAS DEL SUR,MUJER,405521,3169286
76299,01/01/2022,01:26:00,1,1,ALTA,TERMINO,CHIHUAHUA,LUIS DONALDO COLOSIO MURRIETA SUR,MUJER,398727,3163897
76319,01/01/2022,01:11:00,1,1,ALTA,TERMINO,CHIHUAHUA,JOSE FRANCISCO RUIZ MASSIEU,MUJER,391328,3179036
76357,01/01/2022,00:55:00,1,1,ALTA,TERMINO,CHIHUAHUA,RIVERAS DEL SACRAMENTO II,MUJER,386101,3184778
